mode,variance_fractions
1,55.89060719204807
2,19.94730539383807
3,8.992183547416035
4,5.206850204115413
5,3.54621913298907
