mode,variance_fractions
1,34.245858110962295
2,20.900142654313623
3,12.080694172976882
4,8.939785785715134
5,7.511436976104877
